{"order":["image_banner_XeATay","slideshow_ieznDB","multicolumn_KefN34","featured_collection","multicolumn_jt4ggm"],"sections":{"featured_collection":{"custom_css":[],"settings":{"collection":"all","color_scheme":"background-1","columns_desktop":4,"columns_mobile":"2","description":"","description_style":"body","enable_desktop_slider":false,"full_width":true,"heading_size":"h2","image_ratio":"portrait","image_shape":"default","padding_bottom":40,"padding_top":0,"products_to_show":4,"quick_add":"none","show_description":false,"show_rating":false,"show_secondary_image":false,"show_vendor":false,"show_view_all":false,"swipe_on_mobile":false,"title":"","view_all_style":"link"},"type":"featured-collection"},"image_banner_XeATay":{"block_order":["heading_nK6cAT","buttons_rUFCbK"],"blocks":{"buttons_rUFCbK":{"settings":{"button_label_1":"SHOP NEW ARRIVALS","button_label_2":"","button_link_1":"shopify://collections/all","button_link_2":"","button_style_secondary_1":false,"button_style_secondary_2":false},"type":"buttons"},"heading_nK6cAT":{"settings":{"heading":"Elevate Your Fitness Experience","heading_size":"h2"},"type":"heading"}},"settings":{"color_scheme":"accent-2","desktop_content_alignment":"center","desktop_content_position":"middle-center","image":"shopify://shop_images/exercise-and-fitness-equipment-minimal-1-middle.jpg","image_2":"shopify://shop_images/exercise-and-fitness-equipment-minimal-2-top.jpg","image_behavior":"none","image_height":"large","image_overlay_opacity":30,"mobile_content_alignment":"center","show_text_below":true,"show_text_box":false,"stack_images_on_mobile":true},"type":"image-banner"},"multicolumn_KefN34":{"block_order":["column_f4yjXk"],"blocks":{"column_f4yjXk":{"settings":{"link":"","link_label":"","text":"","title":""},"type":"column"}},"settings":{"background_style":"none","button_label":"","button_link":"","color_scheme":"background-1","column_alignment":"left","columns_desktop":1,"columns_mobile":"1","heading_size":"h1","image_ratio":"portrait","image_width":"full","padding_bottom":32,"padding_top":56,"swipe_on_mobile":false,"title":"Unleash your potential with our expertly crafted gym accessories and apparel."},"type":"multicolumn"},"multicolumn_jt4ggm":{"block_order":["column_KCVhg8","column_gY7Jrz"],"blocks":{"column_KCVhg8":{"settings":{"link":"","link_label":"","text":"","title":""},"type":"column"},"column_gY7Jrz":{"settings":{"link":"","link_label":"","text":"\u003cp\u003eA vibrant sunrise beckons the day, igniting the spirit to conquer every challenge.\u003c/p\u003e","title":""},"type":"column"}},"disabled":true,"settings":{"background_style":"none","button_label":"","button_link":"","color_scheme":"background-1","column_alignment":"left","columns_desktop":2,"columns_mobile":"1","heading_size":"h1","image_ratio":"adapt","image_width":"full","padding_bottom":60,"padding_top":60,"swipe_on_mobile":false,"title":""},"type":"multicolumn"},"slideshow_ieznDB":{"block_order":["slide_k7faTJ"],"blocks":{"slide_k7faTJ":{"settings":{"box_align":"middle-center","button_label":"EXPLORE","button_style_secondary":true,"color_scheme":"accent-2","heading":"Dynamic Performance Gear","heading_size":"h2","image":"shopify://shop_images/exercise-and-fitness-equipment-minimal-5-middle.jpg","image_overlay_opacity":30,"link":"shopify://collections","show_text_box":false,"subheading":"","text_alignment":"center","text_alignment_mobile":"center"},"type":"slide"}},"settings":{"accessibility_info":"Slideshow about our brand","auto_rotate":true,"change_slides_speed":5,"image_behavior":"none","layout":"full_bleed","show_text_below":true,"slide_height":"large","slider_visual":"counter"},"type":"slideshow"}}}