{"sections":{"gp_shopify_original_section_586770941606888161":{"type":"gp-section-586770941606888161","settings":{"checksum":"","ggDFBvYMwMC_text":"<p>As Seen On:<\/p>"}},"gp_shopify_original_section_586770941657219809":{"type":"gp-section-586770941657219809","settings":{"checksum":"","ggFDqShe76p_text":"<p>Product Feature Breakdown<\/p>","ggplpeRlQ40_text":"<p>Lorem Ipsum is simply dummy text of the printing and typesetting industry. Lorem Ipsum has been the industry's standard dummy text ever.<\/p>","ggqeHjOsEoI_text":"<p>Headline About Product Benefit 1<\/p>","ggEhZab0hmA_text":"<p>Lorem ipsum dolor sit amet, consectetur adipiscing elit, sed do eiusmod tempor incididunt ut labore et dolore magna aliqua.&nbsp;<\/p>","ggCId3LSA2y_text":"<p>Headline About Product Benefit 2<\/p>","ggmw-TFd1i7_text":"<p>Lorem ipsum dolor sit amet, consectetur adipiscing elit, sed do eiusmod tempor incididunt ut labore et dolore magna aliqua.&nbsp;<\/p>","gggoSYdq1si_text":"<p>Headline About Product Benefit 3<\/p>","ggBODncGBZ6_text":"<p>Lorem ipsum dolor sit amet, consectetur adipiscing elit, sed do eiusmod tempor incididunt ut labore et dolore magna aliqua.&nbsp;<\/p>","gg3psgy2DOI_text":"<p>Headline About Product Benefit 4<\/p>","gg-FAj8m0J2_text":"<p>Lorem ipsum dolor sit amet, consectetur adipiscing elit, sed do eiusmod tempor incididunt ut labore et dolore magna aliqua.&nbsp;<\/p>"}},"gp_shopify_original_section_586770941808215009":{"type":"gp-section-586770941808215009","settings":{"checksum":"","ggUfix7O9Ft_text":"<p>Headline About Timeframe To Reach The Desired Outcome<\/p>","gg7izBq5VeR_text":"<p>Lorem Ipsum is simply dummy text of the printing and typesetting industry. Lorem Ipsum has been the industry's standard dummy text ever.<\/p>","ggU-WyJymys_text":"<p>3 Mg Of Melatonin<\/p>","gg-5506Kb_N_text":"<p>There are many variations of passages of Lorem Ipsum available, but the majority have suffered alteration<\/p>","gg3MzjPcbHK_text":"<p>L-Theanine And Botanicals<\/p>","ggpkThISEHa_text":"<p>There are many variations of passages of Lorem Ipsum available, but the majority have suffered alteration<\/p>","ggChOti965T_text":"<p>No Artificial Flavors, Gluten Free<\/p>","ggI8QQTlsrG_text":"<p>There are many variations of passages of Lorem Ipsum available, but the majority have suffered alteration<\/p>","ggChVk106ei_label":"REVEAL OFFER","ggvFbYgzuSZ_text":"<p>30 day money back guarantee<\/p>"}},"gp_shopify_original_section_586770941841769441":{"type":"gp-section-586770941841769441","settings":{"checksum":"","ggtknX29uvV_text":"<p>100% Money-Back Guarantee<\/p>","gg8HLyF4lBg_text":"<p>If you are not 100% satisfied with your purchase, then you may return your order for a full refund with no questions asked.<\/p><p>&nbsp;<\/p><p>With 50,000+ 5-star reviews, we pledge to provide you with the highest levels of value, quality, and personal service available, so your complete satisfaction is guaranteed.<\/p>"}},"gp_shopify_original_section_586770941942432385":{"type":"gp-section-586770941942432385","settings":{"checksum":"","ggLZgdXVEPz_text":"<p>Copyright © 2022 GemSleeps. All Rights Reserved.<\/p>","ggg9ejrHyNw_label":"Refund policy","ggJUqY19FtC_label":"Terms of service","ggiFr45tGiI_label":"Privacy policy"}},"gp_shopify_original_section_586770941975986817":{"type":"gp-section-586770941975986817","settings":{"checksum":"","gg9HGy49OEN_text":"<p>Frequently Asked Questions<\/p>","ggXtcrLJn0L_text":"<p>Need help finding an answer to your question? Ask our customer support at <strong>support@gempages.net.<\/strong><\/p>","ggWfXxiYc6y_childItem_0":"How does GemSleep help you sleep?","ggWfXxiYc6y_childItem_1":"What are the common side effects of GemSleep?","ggWfXxiYc6y_childItem_2":"Does GemSleep make me feel groggy the next day?","ggWfXxiYc6y_childItem_3":"Can I take GemSleep gummies every night?","ggYBDmJIgBb_text":"<p>But I must explain to you how all this mistaken idea of denouncing pleasure and praising pain was born and I will give you a complete account of the system, and expound the actual teachings of the great explorer of the truth, the master-builder of human happiness. No one rejects, dislikes, or avoids pleasure itself<\/p>","ggzfZxzdCgq_text":"<p>But I must explain to you how all this mistaken idea of denouncing pleasure and praising pain was born and I will give you a complete account of the system, and expound the actual teachings of the great explorer of the truth, the master-builder of human happiness. No one rejects, dislikes, or avoids pleasure itself<\/p>","gg2mtZuxxr-_text":"<p>But I must explain to you how all this mistaken idea of denouncing pleasure and praising pain was born and I will give you a complete account of the system, and expound the actual teachings of the great explorer of the truth, the master-builder of human happiness. No one rejects, dislikes, or avoids pleasure itself<\/p>","ggG0nLwdu4t_text":"<p>But I must explain to you how all this mistaken idea of denouncing pleasure and praising pain was born and I will give you a complete account of the system, and expound the actual teachings of the great explorer of the truth, the master-builder of human happiness. No one rejects, dislikes, or avoids pleasure itself<\/p>","gguCqevUj3e_label":"REVEAL OFFER","ggHtf3DP7pz_text":"<p>30 day money back guarantee<\/p>"}},"gp_shopify_original_section_586770942093427329":{"type":"gp-section-586770942093427329","settings":{"section_preload":"true","checksum":"","ggvz48TOIJ__text":"<p>Easy Returns<\/p>","ggjuMm14Umr_text":"<p>6000+ Clients satisfaits<\/p>","ggoT6BZ6T-8_text":"<p>Free shipping<\/p>","ggMkxF4JHmv_text":"<p>Free Shipping<\/p>","ggGiKalwAJy_text":"<p>On oders over $70<\/p>","ggIoxM7YbES_text":"<p>Money-back guarantee<\/p>","ggsWRBLHwz3_text":"<p>30- day refund or replacement<\/p>","ggIq8P4lZBJ_text":"<p>6000+ Clients satisfaits<\/p>","ggYhAduwyXQ_text":"<p>Product Benefit 1<\/p>","ggJkHoXXi7a_text":"<p>Product Benefit 2<\/p>","gg9UciSR5_O_text":"<p>Product Benefit 3<\/p>","gg4FeBKrfgK_text":"<p>Product Benefit 4<\/p>","gg_kO-Tdlnc_displayContent":"You saved {amount_discount}","ggw2sOgr0lD_text":"<p>55%<\/p>","ggWwh6LVs0v_text":"<p>3 pack<\/p>","ggq_Mhc_aMf_text":"<p>45%<\/p>","ggilSxiz0Ns_text":"<p>2 pack<\/p>","gglJGORPamz_text":"<p>30%<\/p>","ggXsZYk8gXZ_text":"<p>1 pack<\/p>","gg0GZp4LJnV_text":"<p>Product Benefit 1<\/p>","gg10eApbrDE_text":"<p>Product Benefit 2<\/p>","ggW3EUQ9fLU_text":"<p>Product Benefit 3<\/p>","ggRlNkmqO6j_text":"<p>Product Benefit 4<\/p>","gg7wYAb7I-T_label":"REVEAL OFFER","gg7wYAb7I-T_outOfStockLabel":"Out of stock","gg7wYAb7I-T_unavailableLabel":"Unavailable","gg7wYAb7I-T_variantSelectionRequiredMessage":"Please select a variant to add product to cart","ggIqZOpwZw7_text":"<p>“This, along with Magnesium glycinate, helps me fall and stay asleep. I wake up feeling refreshed and don't get the hangover feeling I get with a lot of other sleep aids. Recommended. 🥰”<\/p>","ggw3F8zcHwc_text":"<p>- Leprechaun<\/p>","ggMDas2em41_label":"REVEAL OFFER","ggMDas2em41_outOfStockLabel":"Out of stocks","ggMDas2em41_unavailableLabel":"Unavailable"}},"gp_shopify_original_section_586770942093427698":{"type":"gp-section-586770942093427698","settings":{"checksum":"","ggKTCIFrf3c_text":"<p>98% Customers Are Satisfied<\/p>","ggQoCUJdhg0_text":"<p>Trusted By More Than&nbsp;<br>500,000 Customers Globally<\/p>","ggf41Cd_YC2_text":"<p>It tastes delicious and aids with&nbsp;<br>my sleep<\/p>","ggvIbnCkDnN_text":"<p>But I must explain to you how all this mistaken idea of denouncing pleasure and praising pain was born and I will give you a complete account of the system, and expound the actual teachings of the great<\/p>","gg3bCK831nw_text":"<p>David Alaba<\/p>","ggFqrnn2X8F_text":"<p>Verified Buyer<\/p>","ggbs-8rucAu_text":"<p>Well rested and an awake feeling in the morning<\/p>","ggIPFphUeA1_text":"<p>But I must explain to you how all this mistaken idea of denouncing pleasure and praising pain was born and I will give you a complete account of the system, and expound the actual teachings of the great<\/p>","ggK4jNNudiw_text":"<p>Serena Gonzanel<\/p>","ggRMMy5VIWq_text":"<p>Verified Buyer<\/p>","ggmeaAEWj9k_text":"<p>Great product! It helps my dad wake up well-rested<\/p>","ggO-NdTBsNx_text":"<p>But I must explain to you how all this mistaken idea of denouncing pleasure and praising pain was born and I will give you a complete account of the system, and expound the actual teachings of the great<\/p>","ggcPRz4_wge_text":"<p>Anna Chirstin<\/p>","ggD9H0Q8eYU_text":"<p>Verified Buyer<\/p>"}},"gp_shopify_original_section_586770942160536545":{"type":"gp-section-586770942160536545","settings":{"checksum":"","ggpNNShld15_text":"<p>Buy more &amp; save more<\/p>","ggQupIQZSGm_text":"<p>BEST VALUE<\/p>","ggxHnsIaFLl_weekLabel":"Weeks","ggoxUt9iM10_displayContent":"You saved {amount_discount}","gg2AhDFGuC__childItem_0":"See 4 benefits in the pack","ggUKnFsrYuC_text":"<p>30 Days Money Back Renturn<\/p>","ggGUQDLdp4__text":"<p>Fast &amp; Free shipping worldwide<\/p>","ggAdEbN2I8U_text":"<p>Free Healthy &amp; Fitness Ebook&nbsp;<\/p>","ggtN7Mag4UH_text":"<p>Extra 10% off your next order<\/p>","ggjCbWBUteb_label":"Get mine now","ggjCbWBUteb_outOfStockLabel":"Out of stock","ggjCbWBUteb_unavailableLabel":"Unavailable","ggjCbWBUteb_variantSelectionRequiredMessage":"Please select a variant to add product to cart","ggloH539G64_text":"<p>Most Popular<\/p>","ggMadM7lGlq_weekLabel":"Weeks","ggXA-odqhsz_displayContent":"You saved {amount_discount}","ggNBh6hI8Ak_childItem_0":"See 3 benefits in the pack","ggTTYanla1i_text":"<p>30 Days Money Back Renturn<\/p>","gg9dgBOFSyL_text":"<p>Fast &amp; Free shipping worldwide<\/p>","ggBt44ZIiB3_text":"<p>Free Healthy &amp; Fitness Ebook&nbsp;<\/p>","ggrlmOj6sG2_label":"Get mine now","ggrlmOj6sG2_outOfStockLabel":"Out of stock","ggrlmOj6sG2_unavailableLabel":"Unavailable","ggrlmOj6sG2_variantSelectionRequiredMessage":"Please select a variant to add product to cart","ggiIaV5ozIS_displayContent":"You saved {amount_discount}","ggLoOA_JH2Y_childItem_0":"See 2 benefits in the pack","ggq47Lsry9c_text":"<p>30 Days Money Back Renturn<\/p>","gg7THFWBYUY_text":"<p>Fast &amp; Free shipping worldwide<\/p>","ggL7OGKj9kp_label":"Get mine now","ggL7OGKj9kp_outOfStockLabel":"Out of stock","ggL7OGKj9kp_unavailableLabel":"Unavailable","ggL7OGKj9kp_variantSelectionRequiredMessage":"Please select a variant to add product to cart"}},"gp_shopify_original_section_586770942294754017":{"type":"gp-section-586770942294754017","settings":{"checksum":"","ggMc__pYgzv_text":"<p>Comparison Table Headline<\/p>","gg70kko0NNC_text":"<p>With other brand similar product<\/p>","gg4GZIMnbrr_text":"<p>Differentiation Point 1<\/p>","ggPvpeuUWi0_text":"<p>Differentiation Point 2<\/p>","ggDKbPK3kDC_text":"<p>Differentiation Point 3<\/p>","gghx__Gi8lx_text":"<p>Differentiation Point 4<\/p>","gg9sIxvbgTt_text":"<p>Differentiation Point 5<\/p>","ggqEfsKX1oy_text":"<p>Differentiation Point 6<\/p>","ggJ9v_tsEOe_text":"<p>Differentiation Point 7<\/p>","ggj8hmewmmm_text":"<p>Differentiation Point 8<\/p>","ggCcrqkvnGx_text":"<p>Your Brand<\/p>","ggZASU7wjCY_text":"<p>Other Brands<\/p>","ggdVRFFuy54_text":"<p>Your Brand<\/p>","ggiW9XIrVtj_text":"<p>Differentiation Point 1<\/p>","ggxLWnRs1Id_text":"<p>Differentiation Point 2<\/p>","gg77pfiEszo_text":"<p>Differentiation Point 3<\/p>","ggQ0Nc5Gpbh_text":"<p>Differentiation Point 4<\/p>","ggvd6cZKpLq_text":"<p>Differentiation Point 5<\/p>","gg0tKRuw37z_text":"<p>Differentiation Point 6<\/p>","ggGbs_dgUi7_text":"<p>Differentiation Point 7<\/p>","ggtjyWl3Xa2_text":"<p>Differentiation Point 8<\/p>","ggIZNrYYI9u_text":"<p>Other Brands<\/p>","ggGUUBnl-Es_label":"REVEAL OFFER","ggZVznTz32N_text":"<p>30 day money back guarantee<\/p>"}},"gp_shopify_original_section_586770942311531489":{"type":"gp-section-586770942311531489","settings":{"checksum":"","ggs6xI7agfC_text":"<p>Buy more &amp; save up to 55%<\/p>","ggsIRCmRq5B_text":"<p>At vero eos et accusamus et iusto odio dignissimos ducimus.<\/p>","ggpUPQyMxRz_displayContent":"Save {percent_discount}","gg9O-jSJIwS_displayContent":"You saved {amount_discount}","gg8wdC-e212_displayContent":"You saved {amount_discount}","ggY4MojIoeV_text":"<p>30 Days Money Back Renturn<\/p>","gg1yKt60wsF_text":"<p>Fast &amp; Free shipping worldwide<\/p>","gg4FsIrFBFy_label":"Get mine now","gg4FsIrFBFy_outOfStockLabel":"Out of stock","gg4FsIrFBFy_unavailableLabel":"Unavailable","gg4FsIrFBFy_variantSelectionRequiredMessage":"Please select a variant to add product to cart","gg8F2t3nBrY_displayContent":"Save {percent_discount}","gg3yEZaX--L_displayContent":"You saved {amount_discount}","ggnTvisJMLm_displayContent":"You saved {amount_discount}","ggtTwxPqkZY_text":"<p>30 Days Money Back Renturn<\/p>","ggsT45fzxpX_text":"<p>Fast &amp; Free shipping worldwide<\/p>","gg3OsFXMG_K_text":"<p>Free Healthy &amp; Fitness Ebook&nbsp;<\/p>","ggfcvtYMDzn_label":"Get mine now","ggfcvtYMDzn_outOfStockLabel":"Out of stock","ggfcvtYMDzn_unavailableLabel":"Unavailable","ggfcvtYMDzn_variantSelectionRequiredMessage":"Please select a variant to add product to cart","ggKiYXZrtpa_text":"<p>Hurry up! Sale ends once the timer hits zero<\/p>","gg1A-uHzs0r_dayLabel":"Day","gg1A-uHzs0r_hourLabel":"Hrs","gg1A-uHzs0r_minuteLabel":"Min","gg1A-uHzs0r_secondLabel":"Sec","gg1A-uHzs0r_weekLabel":"Weeks","ggu4UhmebNF_displayContent":"Save {percent_discount}","ggYq5ulL1Q9_displayContent":"You saved {amount_discount}","ggT2S_DWXDT_displayContent":"You saved {amount_discount}","ggIX0w_Xigo_text":"<p>30 Days Money Back Renturn<\/p>","ggkdxver0E__text":"<p>Fast &amp; Free shipping worldwide<\/p>","ggY_QwxG9Bk_text":"<p>Free Healthy &amp; Fitness Ebook&nbsp;<\/p>","ggMIvmCA-2d_text":"<p>Extra 10% off your next order<\/p>","ggjBFprW2l3_label":"Get mine now","ggjBFprW2l3_outOfStockLabel":"Out of stock","ggjBFprW2l3_unavailableLabel":"Unavailable","ggjBFprW2l3_variantSelectionRequiredMessage":"Please select a variant to add product to cart","gglo_TCwcdj_text":"<p>Hurry up! Sale ends once the timer hits zero<\/p>","ggyfDe4g1Ca_dayLabel":"Day","ggyfDe4g1Ca_hourLabel":"Hrs","ggyfDe4g1Ca_minuteLabel":"Min","ggyfDe4g1Ca_secondLabel":"Sec","ggyfDe4g1Ca_weekLabel":"Weeks"}},"gp_shopify_original_section_586771045038424801":{"type":"gp-section-586771045038424801","settings":{"checksum":""}},"gp_shopify_original_section_586771045038425057":{"type":"gp-section-586771045038425057","settings":{"checksum":"","ggoks_cXE1E_dayLabel":"Days","ggoks_cXE1E_hourLabel":"HRS","ggoks_cXE1E_minuteLabel":"MIN","ggoks_cXE1E_secondLabel":"SEC","ggoks_cXE1E_weekLabel":"Weeks","ggTSTAFfi97_text":"<p>Limited time:30% OFF + FREESHIPPING<\/p>","ggoZPU2pmBu_text":"<p>🎁&nbsp;LIMITED TIME - HAIR DAY SALE 🎁<\/p>"}},"gp_shopify_original_section_586771045055202273":{"type":"gp-section-586771045055202273","settings":{"checksum":"","gg_INBCOEHf_text":"<p>“Based on ingredients, Gemix offers a well-rounded approach to hair health and reducing thinning.”<\/p>","gg2E9ShMkdv_text":"<p>Rachel Lin - Hair Specialist<\/p>"}},"gp_shopify_original_section_586771045088756353":{"type":"gp-section-586771045088756353","settings":{"checksum":"","ggpQVUAdGEN_text":"Powerful Ingredients, Proven Benefits","ggKAHecISvk_text":"<p>Gemix helps restore strong, healthy hair with ingredients that truly make a difference.<\/p>","ggqB6FIj1ia_text":"<p>Clinically Proven Benefits for Stronger, Healthier Hair<\/p>"}},"gp_shopify_original_section_586771045239751297":{"type":"gp-section-586771045239751297","settings":{"checksum":"","ggVh7aGT-yg_text":"Vitamin Power for Your Hair","ggP8weoGOCG_text":"<p>Powered by Biotin, Vitamin B5, E &amp; B12 — working together to nourish hair from within,<br>boost growth, and reduce shedding.<\/p>","gg23A8pQ6Pg_text":"<p>Hair Growth<\/p>","ggaZB38QGG__text":"<p>Root Strength<\/p>","gg3HSJu_UXM_text":"<p>Shine Boost<\/p>","ggAX2MyasRL_text":"<p>DHT Defense<\/p>","ggGvxR1fo7h_text":"<p>Scalp Balance<\/p>","ggSfVjQ3NUk_text":"<p>Vital Support<\/p>"}},"gp_shopify_original_section_586771045239751649":{"type":"gp-section-586771045239751649","settings":{"checksum":"","gg_t4XN2J7k_text":"<p><a href=\"#\">gemix.official<\/a><\/p>"}},"gp_shopify_original_section_586771045239816833":{"type":"gp-section-586771045239816833","settings":{"checksum":"","ggeuIH99rBS_text":"FAQs","ggepm4Yucaf_text":"<p>Got questions? We’ve got answer...<\/p>","ggMqGeI3DSE_childItem_0":"<p>How long does it take to see results?<\/p>","ggMqGeI3DSE_childItem_1":"<p>Who is Gemix suitable for?<\/p>","ggMqGeI3DSE_childItem_2":"<p>How many capsules should I take per day?<\/p>","ggMqGeI3DSE_childItem_3":"<p>What makes Gemix different from other hair supplements?<\/p>","ggMqGeI3DSE_childItem_4":"<p>Is it suitable for vegans or vegetarians?<\/p>","ggMqGeI3DSE_childItem_5":"<p>Is there a money-back guarantee?<\/p>","ggwdhqnoCAY_text":"<p>Most users begin to notice reduced shedding and stronger hair within 4–6 weeks. Fuller growth is typically seen after 8–12 weeks of consistent use.<\/p>","ggxsjQaxWRB_text":"<p>Follix is designed for adults of all genders experiencing hair thinning, shedding, or slow growth. It’s safe for most people, but check with your doctor if you’re pregnant, nursing, or have a medical condition.<\/p>","ggPjv4fGXan_text":"<p>Only 2 capsules a day for real results. Take it with water, preferably after a meal.<\/p>","ggHW_mfpK5e_text":"<p>It combines marine collagen, salmon cartilage extract, biotin, and other clinically studied ingredients in one powerful capsule—no fillers, no fluff, just real results.<\/p>","ggRJ5WzJ6Qy_text":"<p>No. Follix contains marine collagen and salmon cartilage, so it is not vegan or vegetarian.<\/p>","ggJzyV7FyTg_text":"<p>Yes! We offer a 30-day satisfaction guarantee. If you’re not happy with your results, contact us for a refund.<\/p>"}},"gp_shopify_original_section_586771045256528882":{"type":"gp-section-586771045256528882","settings":{"checksum":"","ggWin9KFsZU_text":"Real People. Real Hair Results","ggc-tkuy7bE_text":"<p>Thousands have seen visible improvements in hair growth, strength,<\/p><p>and confidence with Gemix. You could be next.<\/p>","gg48U0PkGrI_leftImageLabel":"1 Day","gg48U0PkGrI_rightImageLabel":"60 Days","gg3RYH0AIim_text":"<p>“My hair stopped shedding and started growing again. It feels thicker. Gemix really works!”<\/p>","ggt63HsyS9-_text":"<p>Jessica<\/p>","ggkiAwl-kWk_text":"<p>Customer<\/p>"}},"gp_shopify_original_section_586771045273306081":{"type":"gp-section-586771045273306081","settings":{"checksum":"","ggtMcqQHABX_text":"As Featured In"}},"gp_shopify_original_section_586771045290082945":{"type":"gp-section-586771045290082945","settings":{"checksum":"","ggUW1orT5l1_text":"<p>122,000+ Happy Customers<\/p>","ggeMPvu1p1X_text":"<p>Powered by salmon cartilage<\/p>","ggFLmbKGLtM_text":"<p>Enhanced with biotin<\/p>","ggfrsJi5bu3_text":"<p>Infused with herbal extracts<\/p>","gg5GS6lm4q5_text":"<p>Targets root causes<\/p>","gg6gPycONse_text":"<p>Choose Your Treatment Plan<\/p>","gg0EAHOS8fk_text":"<p>6-Month Treatment<\/p>","gg93vbyGe5p_text":"<p>(6 bottles)<\/p>","ggf4vYNQ6og_text":"<p>($27.96 per bottle)<\/p>","gg_nQ46TT1o_text":"<p>&nbsp; &nbsp;Most Popular &nbsp;&nbsp;<\/p>","ggG8P4baXgt_text":"<p>3-Month Treatment<\/p>","ggBX-S6FI2R_text":"<p>(3 bottles)<\/p>","gguZvVbFOv6_text":"<p>($31.50 per bottle)<\/p>","gguN1vjj_z7_text":"<p>1-Month Experiment<\/p>","gg2rLAh80xy_text":"<p>(1 bottle)<\/p>","ggoN92n8NVB_text":"<p>($35.00 per bottle)<\/p>","gg3TQNqYRlw_text":"<p>Get a free scalp massager &amp; freeshipping worldwide<\/p>","ggalmQOezsT_text":"<p>when you purchase 3 or more bottles of Gemix.<\/p>","ggtx04mmasL_customText":"Expected delivery","ggF5kBdcfhi_label":"Add to cart","ggF5kBdcfhi_outOfStockLabel":"Out of stock","ggF5kBdcfhi_unavailableLabel":"Unavailable","ggF5kBdcfhi_variantSelectionRequiredMessage":"Please select a variant to add product to cart","ggHFmpBqJ05_text":"<p>30-day money-back guarantee<\/p>"}},"gp_shopify_original_section_586771045290083314":{"type":"gp-section-586771045290083314","settings":{"checksum":"","ggsdjIu3B9B_text":"How to use","ggXJitAx5Lv_text":"<p>While Gemix supports healthy hair from within, don’t forget to eat well, stay active,<br>and get enough rest!<\/p>","ggOeGsPOIdN_text":"<p>Protein breakfast<\/p>","ggVTwqC4OLL_text":"<p>Gemix<\/p>","ggA-L-d6v6n_text":"<p>Gentle scalp massage<\/p>","ggwTFTCzQGU_text":"<p>Balanced lunch<\/p>","gg7aXhGm7Ie_text":"<p>Gemix<\/p>","ggkkTbanZto_text":"<p>Gentle scalp massage<\/p>","ggjLu0C2RtJ_text":"<p>Light dinner<\/p>","ggNWnrd9CBo_text":"<p>Gentle scalp massage<\/p>","ggJ6Z7LbAKX_text":"<p>Get 8 hours of sleep<\/p>","ggbeea_j9Yd_text":"<p>Evening<\/p>","gg39QP144qQ_text":"<p>Noon<\/p>","ggYQesQ-pqk_text":"<p>&nbsp; Morning&nbsp;<\/p>"}},"gp_shopify_original_section_586771045407523553":{"type":"gp-section-586771045407523553","settings":{"checksum":"","gguv-kcqIXf_text":"Our emails are plastic-free too.","ggt8pQp-zDr_text":"<p>By submitting your email, you agree to receive emails from Leaf and accept our&nbsp;<a href=\"#\"><u>Terms of Use<\/u><\/a>&nbsp;and our&nbsp;<a href=\"3\"><u>Privacy Policy<\/u><\/a>.<\/p>","gg7dzxPbqef_successMessage":"Thanks for contacting us. We'll get back to you as soon as possible.","gg7dzxPbqef_errorMessage":"Can’t send email. Please try again later.","ggMil9HTuOO_placeholder":"Email","ggWdT1GEpoY_text":"<p>Company<\/p>","ggKV5ubSNE1_text":"<p><a href=\"#\">About<\/a><\/p>","ggcTgHVk2FW_text":"<p><a href=\"#\">Contact<\/a><\/p>","ggFvpDdxqJA_text":"<p><a href=\"#\">Shipping &amp; Return<\/a><\/p>","ggt3E799kab_text":"<p><a href=\"#\">FAQs<\/a><\/p>","gg_1uSXn-yY_text":"<p>Information<\/p>","ggRC2DXI59H_text":"<p><a href=\"#\">My Account<\/a><\/p>","ggPcUYnnjW6_text":"<p><a href=\"#\">Login<\/a><\/p>","ggafvVGpjMA_text":"<p><a href=\"#\">My Cart<\/a><\/p>","ggMWApZqHrT_text":"<p><a href=\"#\">Checkout<\/a><\/p>","ggkVyJKAaoo_text":"<p>© 2025, Gemix.<\/p>"}},"main":{"type":"main-product","blocks":{"vendor":{"type":"text","settings":{"text":"{{ product.vendor }}","text_style":"uppercase"}},"title":{"type":"title","settings":{}},"price":{"type":"price","settings":{}},"variant_picker":{"type":"variant_picker","settings":{"picker_type":"button","swatch_shape":"circle"}},"quantity_selector":{"type":"quantity_selector","settings":{}},"buy_buttons":{"type":"buy_buttons","settings":{"show_dynamic_checkout":true,"show_gift_card_recipient":true}},"description":{"type":"description","settings":{}},"share":{"type":"share","settings":{"share_label":"Share"}}},"block_order":["vendor","title","price","variant_picker","quantity_selector","buy_buttons","description","share"],"settings":{"enable_sticky_info":true,"color_scheme":"scheme-1","media_size":"large","constrain_to_viewport":true,"media_fit":"contain","gallery_layout":"stacked","mobile_thumbnails":"hide","media_position":"left","image_zoom":"lightbox","hide_variants":true,"enable_video_looping":false,"padding_top":36,"padding_bottom":12}},"related-products":{"type":"related-products","settings":{"heading":"You may also like","heading_size":"h2","products_to_show":4,"columns_desktop":4,"columns_mobile":"2","color_scheme":"scheme-1","image_ratio":"square","image_shape":"default","show_secondary_image":true,"show_vendor":false,"show_rating":false,"padding_top":36,"padding_bottom":28}}},"order":["main","related-products","gp_shopify_original_section_586770942093427329","gp_shopify_original_section_586770941606888161","gp_shopify_original_section_586770941808215009","gp_shopify_original_section_586770941657219809","gp_shopify_original_section_586770942093427698","gp_shopify_original_section_586770942160536545","gp_shopify_original_section_586770942311531489","gp_shopify_original_section_586770942294754017","gp_shopify_original_section_586770941841769441","gp_shopify_original_section_586770941975986817","gp_shopify_original_section_586770941942432385","gp_shopify_original_section_586771045038425057","gp_shopify_original_section_586771045290082945","gp_shopify_original_section_586771045088756353","gp_shopify_original_section_586771045239751297","gp_shopify_original_section_586771045055202273","gp_shopify_original_section_586771045290083314","gp_shopify_original_section_586771045256528882","gp_shopify_original_section_586771045273306081","gp_shopify_original_section_586771045239816833","gp_shopify_original_section_586771045239751649","gp_shopify_original_section_586771045407523553","gp_shopify_original_section_586771045038424801"]}